{
  "Total" : {
    "transaction" : "Total",
    "sampleCount" : 156,
    "errorCount" : 1,
    "errorPct" : 0.64102566,
    "meanResTime" : 7503.499999999998,
    "medianResTime" : 7451.5,
    "minResTime" : 322.0,
    "maxResTime" : 16371.0,
    "pct1ResTime" : 13046.9,
    "pct2ResTime" : 14000.0,
    "pct3ResTime" : 15533.67000000001,
    "throughput" : 4.927508765280015,
    "receivedKBytesPerSec" : 211.14534226049466,
    "sentKBytesPerSec" : 0.5966905145456268
  },
  "archive" : {
    "transaction" : "archive",
    "sampleCount" : 52,
    "errorCount" : 1,
    "errorPct" : 1.9230769,
    "meanResTime" : 11257.557692307693,
    "medianResTime" : 12093.0,
    "minResTime" : 322.0,
    "maxResTime" : 16371.0,
    "pct1ResTime" : 14427.6,
    "pct2ResTime" : 14898.1,
    "pct3ResTime" : 16371.0,
    "throughput" : 1.877527440785673,
    "receivedKBytesPerSec" : 97.02132217874421,
    "sentKBytesPerSec" : 0.23469093009820913
  },
  "Home" : {
    "transaction" : "Home",
    "sampleCount" : 52,
    "errorCount" : 0,
    "errorPct" : 0.0,
    "meanResTime" : 5963.788461538463,
    "medianResTime" : 5256.5,
    "minResTime" : 2152.0,
    "maxResTime" : 12241.0,
    "pct1ResTime" : 10617.1,
    "pct2ResTime" : 11452.949999999997,
    "pct3ResTime" : 12241.0,
    "throughput" : 3.0514641159556364,
    "receivedKBytesPerSec" : 137.2068306767502,
    "sentKBytesPerSec" : 0.3546135056628132
  },
  "About" : {
    "transaction" : "About",
    "sampleCount" : 52,
    "errorCount" : 0,
    "errorPct" : 0.0,
    "meanResTime" : 5289.153846153846,
    "medianResTime" : 6533.0,
    "minResTime" : 758.0,
    "maxResTime" : 9436.0,
    "pct1ResTime" : 8410.2,
    "pct2ResTime" : 8768.849999999997,
    "pct3ResTime" : 9436.0,
    "throughput" : 2.0634920634920637,
    "receivedKBytesPerSec" : 65.84945436507937,
    "sentKBytesPerSec" : 0.25189112103174605
  }
}