{
  "Total" : {
    "transaction" : "Total",
    "sampleCount" : 120,
    "errorCount" : 0,
    "errorPct" : 0.0,
    "meanResTime" : 4051.133333333334,
    "medianResTime" : 3074.0,
    "minResTime" : 758.0,
    "maxResTime" : 10894.0,
    "pct1ResTime" : 8304.800000000001,
    "pct2ResTime" : 9546.999999999995,
    "pct3ResTime" : 10750.569999999994,
    "throughput" : 4.854172565834715,
    "receivedKBytesPerSec" : 209.61330795426966,
    "sentKBytesPerSec" : 0.5878099591440475
  },
  "archive" : {
    "transaction" : "archive",
    "sampleCount" : 40,
    "errorCount" : 0,
    "errorPct" : 0.0,
    "meanResTime" : 6340.4,
    "medianResTime" : 7827.5,
    "minResTime" : 1084.0,
    "maxResTime" : 10894.0,
    "pct1ResTime" : 9706.1,
    "pct2ResTime" : 10204.3,
    "pct3ResTime" : 10894.0,
    "throughput" : 1.9073049780659928,
    "receivedKBytesPerSec" : 100.45900113842265,
    "sentKBytesPerSec" : 0.23841312225824907
  },
  "Home" : {
    "transaction" : "Home",
    "sampleCount" : 40,
    "errorCount" : 0,
    "errorPct" : 0.0,
    "meanResTime" : 3536.1249999999995,
    "medianResTime" : 3001.5,
    "minResTime" : 1813.0,
    "maxResTime" : 6296.0,
    "pct1ResTime" : 5615.0,
    "pct2ResTime" : 6139.649999999999,
    "pct3ResTime" : 6296.0,
    "throughput" : 2.7223848090927656,
    "receivedKBytesPerSec" : 122.40928131167904,
    "sentKBytesPerSec" : 0.3163708909004288
  },
  "About" : {
    "transaction" : "About",
    "sampleCount" : 40,
    "errorCount" : 0,
    "errorPct" : 0.0,
    "meanResTime" : 2276.8750000000005,
    "medianResTime" : 1717.5,
    "minResTime" : 758.0,
    "maxResTime" : 6978.0,
    "pct1ResTime" : 4724.7,
    "pct2ResTime" : 5002.249999999999,
    "pct3ResTime" : 6978.0,
    "throughput" : 1.8995156235160033,
    "receivedKBytesPerSec" : 60.61662283930098,
    "sentKBytesPerSec" : 0.23187446576123089
  }
}