{
  "Total" : {
    "transaction" : "Total",
    "sampleCount" : 105,
    "errorCount" : 0,
    "errorPct" : 0.0,
    "meanResTime" : 5304.819047619047,
    "medianResTime" : 4709.0,
    "minResTime" : 782.0,
    "maxResTime" : 11592.0,
    "pct1ResTime" : 9697.0,
    "pct2ResTime" : 10156.1,
    "pct3ResTime" : 11587.619999999999,
    "throughput" : 4.535049453634518,
    "receivedKBytesPerSec" : 195.83635894916426,
    "sentKBytesPerSec" : 0.549166144776055
  },
  "archive" : {
    "transaction" : "archive",
    "sampleCount" : 35,
    "errorCount" : 0,
    "errorPct" : 0.0,
    "meanResTime" : 8583.914285714285,
    "medianResTime" : 8743.0,
    "minResTime" : 2425.0,
    "maxResTime" : 11592.0,
    "pct1ResTime" : 10554.199999999999,
    "pct2ResTime" : 11533.6,
    "pct3ResTime" : 11592.0,
    "throughput" : 1.8391046187798854,
    "receivedKBytesPerSec" : 96.8678057347223,
    "sentKBytesPerSec" : 0.2298880773474857
  },
  "Home" : {
    "transaction" : "Home",
    "sampleCount" : 35,
    "errorCount" : 0,
    "errorPct" : 0.0,
    "meanResTime" : 4261.914285714286,
    "medianResTime" : 4193.0,
    "minResTime" : 2170.0,
    "maxResTime" : 8474.0,
    "pct1ResTime" : 7069.0,
    "pct2ResTime" : 7662.799999999996,
    "pct3ResTime" : 8474.0,
    "throughput" : 2.6742053789731055,
    "receivedKBytesPerSec" : 120.24634624751681,
    "sentKBytesPerSec" : 0.31077191415800737
  },
  "About" : {
    "transaction" : "About",
    "sampleCount" : 35,
    "errorCount" : 0,
    "errorPct" : 0.0,
    "meanResTime" : 3068.628571428572,
    "medianResTime" : 3366.0,
    "minResTime" : 782.0,
    "maxResTime" : 6067.0,
    "pct1ResTime" : 5278.2,
    "pct2ResTime" : 6059.8,
    "pct3ResTime" : 6067.0,
    "throughput" : 1.927100539588151,
    "receivedKBytesPerSec" : 61.497843195958595,
    "sentKBytesPerSec" : 0.23524176508644423
  }
}