{
  "Total" : {
    "transaction" : "Total",
    "sampleCount" : 135,
    "errorCount" : 0,
    "errorPct" : 0.0,
    "meanResTime" : 5917.074074074076,
    "medianResTime" : 5280.0,
    "minResTime" : 614.0,
    "maxResTime" : 14671.0,
    "pct1ResTime" : 10979.2,
    "pct2ResTime" : 11866.4,
    "pct3ResTime" : 14154.75999999998,
    "throughput" : 4.524886877828055,
    "receivedKBytesPerSec" : 195.392202687699,
    "sentKBytesPerSec" : 0.5479355203619909
  },
  "archive" : {
    "transaction" : "archive",
    "sampleCount" : 45,
    "errorCount" : 0,
    "errorPct" : 0.0,
    "meanResTime" : 9120.44444444444,
    "medianResTime" : 10170.0,
    "minResTime" : 1601.0,
    "maxResTime" : 14671.0,
    "pct1ResTime" : 12701.2,
    "pct2ResTime" : 13106.499999999998,
    "pct3ResTime" : 14671.0,
    "throughput" : 1.6881752701080432,
    "receivedKBytesPerSec" : 88.91789137530013,
    "sentKBytesPerSec" : 0.2110219087635054
  },
  "Home" : {
    "transaction" : "Home",
    "sampleCount" : 45,
    "errorCount" : 0,
    "errorPct" : 0.0,
    "meanResTime" : 4533.266666666666,
    "medianResTime" : 4830.0,
    "minResTime" : 1854.0,
    "maxResTime" : 8201.0,
    "pct1ResTime" : 6799.799999999999,
    "pct2ResTime" : 7548.799999999997,
    "pct3ResTime" : 8201.0,
    "throughput" : 2.5502975347123833,
    "receivedKBytesPerSec" : 114.66819566449419,
    "sentKBytesPerSec" : 0.2963724674128648
  },
  "About" : {
    "transaction" : "About",
    "sampleCount" : 45,
    "errorCount" : 0,
    "errorPct" : 0.0,
    "meanResTime" : 4097.511111111112,
    "medianResTime" : 3842.0,
    "minResTime" : 614.0,
    "maxResTime" : 8604.0,
    "pct1ResTime" : 7160.599999999999,
    "pct2ResTime" : 8029.099999999999,
    "pct3ResTime" : 8604.0,
    "throughput" : 1.7415534656913967,
    "receivedKBytesPerSec" : 55.57532188503812,
    "sentKBytesPerSec" : 0.21259197579240685
  }
}